date,sales_accuracy,customer_accuracy,actual_sales,predicted_sales,actual_customers,predicted_customers
2023-08-30,84.65125553405426,75.65043023292054,20807.53,24001.224609375,94.0,116.88859558105469
2023-08-31,77.64452504549865,82.23002751668295,20121.480000000003,24619.732421875,96.0,113.05917358398438
2023-09-01,96.36041013312246,94.15971709460747,25487.06,24559.435546875,123.0,115.81645202636719
2023-09-02,94.29498431912383,85.34943396303834,28131.4,29736.30078125,119.0,136.43417358398438
2023-09-03,95.49768695961323,90.18073611789279,30265.36,28902.71875,144.0,129.86026000976562
2023-09-04,60.70135773447799,56.15738429380267,18701.65,26051.14453125,89.0,128.01992797851562
2023-09-05,95.4125307212779,86.59312454695554,19890.53,20803.001953125,97.0,110.00466918945312
2023-09-06,96.9384703728104,77.91729438595655,17410.190000000002,16877.171875,82.0,100.10781860351562
2023-09-07,68.92427203883022,71.61231994628906,27181.910000000003,18734.93359375,140.0,100.25724792480469
2023-09-08,91.34557026808307,90.37751570991848,24596.480000000003,22467.794921875,115.0,126.06585693359375
2023-09-09,70.79821302161069,86.51806967599052,32321.04,22882.71875,140.0,121.12529754638672
2023-09-10,77.6872808352949,83.07974127274525,36998.43,28743.07421875,158.0,131.2659912109375
2023-09-11,91.36454300470365,84.06663782456341,24708.46,26842.1484375,102.0,118.25202941894531
2023-09-12,81.22379225941157,96.27677372523716,22781.02,27058.431640625,112.0,116.17001342773438
2023-09-13,56.00766673980834,56.363480179398145,16178.650000000001,23296.015625,81.0,116.3455810546875
2023-09-14,94.80482300104674,74.6808369954427,20329.64,21385.80078125,90.0,112.78724670410156
2023-09-15,93.30381615157472,93.33071927411841,24389.82,22756.6328125,109.0,116.26951599121094
2023-09-16,86.06730549125093,96.46231583722933,28220.71,24288.8046875,127.0,131.49285888671875
2023-09-17,70.00845283803505,84.80948023049228,38234.2,26767.171875,166.0,140.7837371826172
2023-09-18,94.77119125465121,89.01268287941261,23286.95,24504.580078125,108.0,119.86630249023438
2023-09-19,0.0,0.0,11345.02,23268.85546875,52.0,118.39783477783203
2023-09-20,15.542231357894352,32.18365293560606,13622.119999999999,25127.05859375,66.0,110.7587890625
2023-09-21,99.7444683338698,99.96191530811544,18485.05,18532.28515625,98.0,98.03732299804688
2023-09-22,50.50443751857841,35.845409984319986,13792.900000000001,20619.7734375,71.0,116.54975891113281
2023-09-23,96.68593074281472,89.93416164232337,26647.56,25764.44140625,115.0,126.57571411132812
2023-09-24,74.79591451022713,92.96610583997753,35201.93,26329.60546875,146.0,135.7305145263672
2023-09-25,65.43175768613096,56.77838134765625,22030.59,29646.177734375,100.0,143.22161865234375
2023-09-26,65.05278753148053,65.70615266498766,23955.29,32326.99609375,114.0,153.09498596191406
2023-09-27,14.821089160306244,33.60190298043045,20208.32,37421.546875,102.0,169.72605895996094
2023-09-28,0.0,0.0,12458.359999999999,27487.12890625,52.0,144.6575164794922
2023-09-29,35.97165814457925,13.848480620941558,17611.1,28887.1953125,77.0,143.336669921875
2023-09-30,70.20734869556345,41.716607726446476,23371.010000000002,30333.853515625,101.0,159.86622619628906
2023-10-01,45.4290575840886,69.99465076163347,53680.28,24386.4453125,229.0,160.28775024414062
2023-10-02,53.31000509727924,93.80514332324783,43481.53,23180.005859375,173.0,183.71710205078125
2023-10-03,70.88163832859692,14.403296029695895,22911.17,29582.52734375,93.0,172.6049346923828
2023-10-04,0.0,0.0,17761.43,40168.4375,83.0,189.70872497558594
2023-10-05,56.55538362466581,0.0,19187.7,27523.72265625,78.0,182.07911682128906
2023-10-06,74.16569027507371,0.0,18932.38,23823.4296875,77.0,160.84243774414062
2023-10-07,72.91049994541842,87.12095651567353,37833.28,27584.43359375,161.0,181.73526000976562
2023-10-08,69.11069493412634,65.21839239658453,43540.17,30090.9140625,156.0,210.25930786132812
2023-10-09,0.0,0.0,16446.190000000002,33280.99609375,74.0,178.24472045898438
2023-10-10,85.2959270513183,63.191398245389344,27519.620000000003,31566.125,122.0,166.906494140625
2023-10-11,84.27602684456812,75.95700995866642,28490.68,32970.546875,129.0,160.0154571533203
2023-10-12,76.47316407922257,24.407854267195162,27306.870000000003,33731.3125,102.0,179.10398864746094
2023-10-13,52.20171734113468,69.06188726425171,29140.25,43068.7890625,128.0,167.6007843017578
2023-10-14,72.13120685933367,50.36422066066576,36782.29,47033.0703125,138.0,206.49737548828125
2023-10-15,88.21043724450988,93.1797499067328,42017.28,46970.93359375,178.0,190.14004516601562
2023-10-16,42.57763058002936,0.0,23867.93,37573.4609375,90.0,198.95211791992188
2023-10-17,0.0,0.0,22508.28,45784.0078125,93.0,194.6295166015625
2023-10-18,31.034944214074372,49.01291176124856,26134.28,44157.80078125,108.0,163.06605529785156
2023-10-19,24.98917817664136,57.842082805461715,25522.79,44667.64453125,111.0,157.7952880859375
2023-10-20,39.669375140036855,0.0,17807.809999999998,28551.373046875,69.0,150.45361328125
2023-10-21,98.44536455534448,89.58970190773547,32081.239999999998,32579.986328125,142.0,156.78262329101562
2023-10-22,97.01781313945978,77.02314175241362,28564.15,29415.986328125,123.0,151.26153564453125
2023-10-23,95.39618913162897,93.04274939056626,30746.88,32162.408203125,133.0,142.25314331054688
2023-10-24,63.08078458947071,53.699933565579926,27255.910000000003,37318.578125,104.0,152.15206909179688
2023-10-25,88.88336345773786,95.12556382826158,34144.52,37940.2421875,143.0,136.02955627441406
2023-10-26,34.018865486990336,24.017549597698704,21934.83,36407.6796875,92.0,161.9038543701172
2023-10-27,97.30427325470694,91.05691620797822,33087.28,33979.22265625,132.0,143.80487060546875
2023-10-28,83.67633006839789,89.45432009396853,37042.08,30995.453125,143.0,158.080322265625
2023-10-29,91.12336101266364,85.16121463499208,31398.579999999998,28611.44140625,138.0,158.47752380371094
2023-10-30,53.00374879471705,14.431921228185871,17993.7,26450.064453125,77.0,142.88742065429688
2023-10-31,74.56009723485585,91.23153095097504,29352.9,21885.55078125,129.0,117.68867492675781
2023-11-01,94.22680737903349,59.02807491341817,22677.97,23987.212890625,97.0,136.74276733398438
2023-11-02,67.96392043579155,93.54973159918265,27721.510000000002,18840.625,119.0,111.32418060302734
2023-11-03,56.88528327628814,85.49612106815461,29637.32,16859.2734375,124.0,106.01519012451172
2023-11-04,85.72918290613121,80.50205078125,33996.40000000001,29144.8359375,125.0,149.3724365234375
2023-11-05,96.40576528244182,96.75795611213235,32393.22,31228.931640625,136.0,140.4091796875
2023-11-06,70.09769231376347,75.40297926517955,25973.96,33740.7734375,114.0,142.0406036376953
2023-11-07,23.994606973879,34.81436835394966,19057.83,33542.80859375,90.0,148.6670684814453
2023-11-08,68.88962468143865,73.48794203538161,24536.09,16902.8203125,104.0,131.57254028320312
2023-11-09,80.66997570053893,88.66051093681709,34782.15,28058.751953125,143.0,126.78453063964844
2023-11-10,2.7739535789549734,32.947710822610304,21206.33,41824.40625,85.0,141.99444580078125
2023-11-11,40.860288105636776,39.38727745643029,24742.14,39374.5703125,91.0,146.15757751464844
2023-11-12,84.87782099513387,70.51376493850557,23232.05,26745.2421875,101.0,130.78109741210938
2023-11-13,88.2797844963794,79.68567783392749,26771.940000000002,23634.2109375,103.0,123.92375183105469
2023-11-14,95.82927994334798,75.65733132903108,23626.699999999997,24612.103515625,97.0,120.61238861083984
2023-11-15,73.30766122696264,66.29879691384056,22369.63,28340.607421875,88.0,117.65705871582031
2023-11-16,78.77224213121008,95.72690204509254,25083.590000000004,19758.90625,103.0,107.40129089355469
2023-11-17,81.8444937815855,99.00621900371476,25003.56,20464.037109375,102.0,103.01365661621094
2023-11-18,48.993151450941795,73.6586770893615,42349.39,20748.30078125,162.0,119.32705688476562
2023-11-19,0.0,0.0,18334.89,38550.1484375,82.0,168.37197875976562
2023-11-20,76.59888934734519,81.15481956332337,25138.71,19255.97265625,102.0,121.22208404541016
2023-11-21,91.50739943105947,84.73980976985051,26136.300000000003,23916.6484375,104.0,119.87059783935547
2023-11-22,89.79677330342284,82.38100918856534,28301.1,25413.474609375,110.0,129.38088989257812
2023-11-23,91.3581652982831,56.6340446472168,23316.44,25331.408203125,88.0,126.16204071044922
2023-11-24,79.26778270495753,99.29648006663604,30199.55,23938.513671875,119.0,118.16281127929688
2023-11-25,79.90591046146946,93.07442220052083,34824.84,27827.10546875,150.0,139.61163330078125
2023-11-26,58.095715071831876,59.146980617357336,30743.309999999998,43626.07421875,138.0,194.37716674804688
2023-11-27,0.0,0.0,21230.25,47903.859375,94.0,194.64163208007812
2023-11-28,16.006639960485998,31.63956622688137,19668.98,36189.6171875,98.0,164.99322509765625
2023-11-29,97.91079074845739,85.66791064118686,32193.550000000003,32866.140625,146.0,166.9248504638672
2023-11-30,4.812758018582883,49.02250355687635,21742.620000000003,42438.8203125,116.0,175.13389587402344
2023-12-01,98.86098730900255,66.48469611779967,31027.899999999998,30674.48828125,134.0,178.91050720214844
2023-12-02,46.446266853088616,62.009077400996766,35879.18,55093.8203125,145.0,200.0868377685547
2023-12-03,32.80302311680238,59.58798634920189,31468.019999999997,52613.578125,139.0,195.17269897460938
2023-12-04,38.35257668483722,43.33564271318152,20590.120000000003,33283.3984375,94.0,147.26449584960938
2023-12-05,92.54760353098106,94.65215773809524,24094.72,22299.0859375,105.0,110.615234375
2023-12-06,51.521459051403404,79.19531429515166,21771.32,32325.73828125,102.0,123.22077941894531
2023-12-07,72.36616841626025,86.32369869011492,28598.07,36500.8125,121.0,104.45167541503906
2023-12-08,59.087634668605475,64.63449935466923,44054.44,26030.7265625,171.0,110.52499389648438
2023-12-09,86.92815531028207,69.32779559652315,31815.730000000003,35974.6328125,131.0,171.1805877685547
2023-12-10,93.18998252967812,74.01331323776802,34275.270000000004,36609.421875,137.0,172.6017608642578
2023-12-11,80.71979361193705,68.88219924200149,25606.98,30544.05859375,105.0,137.67369079589844
2023-12-12,52.78011930841573,29.250086908755094,21351.7,31433.947265625,92.0,157.0899200439453
2023-12-13,93.23056392248945,95.68033854166667,33883.380000000005,36177.09375,135.0,140.83154296875
2023-12-14,65.44029854110369,92.93795434113974,24678.93,33207.89453125,107.0,114.55638885498047
2023-12-15,87.25985306692294,91.69680687689012,28500.39,24869.3984375,124.0,113.70404052734375
2023-12-16,55.18760841913918,78.30041612897601,39000.84,21523.630859375,140.0,109.6205825805664
2023-12-17,51.11633673195043,95.99585003323025,35446.28,18118.83984375,144.0,149.76597595214844
2023-12-18,0.0,0.0,7154.75,29239.92578125,33.0,162.03997802734375
2023-12-19,69.35219000341236,0.0,15385.25,20100.4921875,61.0,151.930419921875
2023-12-20,68.1421437065781,87.74591881459153,29187.46,19888.9609375,127.0,142.56268310546875
2023-12-21,69.3847857769898,67.21200294864988,26701.38,18526.6953125,103.0,136.77163696289062
2023-12-22,95.11194760356847,98.75199812172103,31215.58,29689.74609375,137.0,138.7097625732422
2023-12-23,86.04694826467136,91.52205330984933,36560.51,31459.203125,168.0,153.75704956054688
2023-12-24,94.2829630122572,51.01515028211806,29969.32,28255.962890625,135.0,201.12954711914062
2023-12-25,64.94730455509168,74.06846303788443,28271.33,18361.466796875,126.0,158.67373657226562
2023-12-26,66.36485910238684,97.147546298262,30283.870000000003,20097.84765625,138.0,141.93638610839844
2023-12-27,64.8073699633984,89.00988371475883,27706.429999999997,17955.80859375,115.0,127.63863372802734
2023-12-28,79.33424516589241,89.06515713395744,26485.239999999998,21011.865234375,116.0,128.68441772460938
2023-12-29,59.75985547301633,85.2479989188058,31698.059999999998,18942.71484375,140.0,119.34719848632812
2023-12-30,94.75597056932826,60.93717302594866,30085.28,31662.9609375,126.0,175.2191619873047
2023-12-31,52.52318223109157,91.14719541732875,38884.24,20423.240234375,177.0,161.33053588867188
2024-01-01,91.80159604345751,17.370894148543073,25485.13,27574.50390625,111.0,202.7183074951172
2024-01-02,3.6080648963184387,0.0,19048.23,37409.1875,90.0,224.62655639648438
2024-01-03,80.85353343122769,75.96259807718211,36076.299999999996,42983.63671875,145.0,179.85423278808594
2024-01-04,0.3540637156976203,31.105477469308042,23777.5,47470.8125,98.0,165.51663208007812
2024-01-05,39.76143447286443,44.973723203665664,71790.64,28544.98828125,289.0,129.97406005859375
2024-01-06,99.4958827491846,22.833482274469347,37135.52,37322.7265625,159.0,281.69476318359375
2024-01-07,95.03874267553809,18.12488506366681,36246.69,34448.3984375,154.0,280.0876770019531
2024-01-08,13.347076200112355,0.0,20967.62,39136.67578125,87.0,201.53118896484375
2024-01-09,91.3697259375891,72.69049966411227,34064.23,37004.06640625,157.0,199.87591552734375
2024-01-10,25.218657030119644,0.0,21529.15,37628.9375,91.0,214.49853515625
2024-01-11,66.7784433091388,0.0,20842.16,27766.25,84.0,196.1553192138672
2024-01-12,93.76658774617299,99.61096111096833,34014.19,31893.9453125,152.0,151.40866088867188
2024-01-13,80.50453868612189,94.9635479901288,38447.25,45942.71875,148.0,155.45394897460938
2024-01-14,91.66775831665373,96.05308879505505,40353.67,36991.3046875,176.0,169.05343627929688
2024-01-15,35.71642016269199,36.101841690516714,23715.98,38961.4609375,101.0,165.53713989257812
2024-01-16,85.95053646935115,72.46894836425781,32277.24,27742.4609375,140.0,178.54347229003906
2024-01-17,36.04936195065,60.16808225397478,26021.89,42663.0546875,114.0,159.40838623046875
2024-01-18,33.07769680925331,84.71904553865132,36240.42,60493.34375,152.0,175.22705078125
2024-01-19,90.53553572657441,85.42423848086183,35892.47,39289.5,159.0,182.1754608154297
2024-01-20,91.82662153588542,86.21776347257654,43147.75,39621.12109375,196.0,223.01318359375
2024-01-21,99.46072001660545,58.11025233356499,37300.979999999996,37502.13671875,163.0,231.28028869628906
2024-01-22,67.73405938733711,40.40736986243206,26530.74,35091.1328125,115.0,183.53152465820312
2024-01-23,89.15919181764161,87.24607010962258,29432.589999999997,26241.859375,142.0,123.88941955566406
2024-01-24,61.14114255510462,92.78835042317708,30861.75,42854.2734375,150.0,139.18252563476562
2024-01-25,60.05733451366056,69.67134673019936,33363.630000000005,46689.953125,145.0,188.97654724121094
2024-01-26,44.86607423937821,88.44301496233258,50030.119999999995,22446.55078125,210.0,185.73033142089844
2024-01-27,89.03549675447361,83.01459507168275,39907.240000000005,35531.609375,191.0,223.44212341308594
2024-01-28,46.760332680013136,64.95580616111528,51822.469999999994,24232.359375,167.0,225.5238037109375
2024-01-29,98.48074775684366,62.82598322088068,26600.91,27005.044921875,121.0,165.98056030273438
2024-01-30,78.4996321221214,77.89622074415703,26424.36,20743.025390625,119.0,145.30349731445312
2024-01-31,56.364173377772794,66.96610884232955,27072.04,38885.1484375,121.0,160.97100830078125
2024-02-01,0.0,72.18394035840556,29849.23,65134.0546875,137.0,175.10800170898438
2024-02-02,90.28495250612829,81.16060697115384,46623.91,42094.375,195.0,158.26318359375
2024-02-03,89.2971955624613,99.05957761018172,41984.31,46477.80859375,184.0,185.73037719726562
2024-02-04,90.24760308810147,88.72764988949424,36441.16,32887.2734375,152.0,169.13397216796875
2024-02-05,75.96619938977867,60.71893549474533,62424.89,47421.81640625,281.0,170.62020874023438
2024-02-06,57.059311087378106,14.93338844992897,27256.94,38961.2578125,110.0,203.57327270507812
2024-02-07,95.10801789444913,84.19273639547414,31811.96,30255.724609375,145.0,167.9205322265625
2024-02-08,38.12574349282226,96.52443593637102,36558.86,59179.3828125,173.0,179.01272583007812
2024-02-09,77.98162495517077,93.69691790956439,37531.32,29267.533203125,165.0,154.59991455078125
2024-02-10,74.61738350707716,83.72696527825579,53671.93,40048.58984375,227.0,190.06021118164062
2024-02-11,45.29569270380356,90.50012035904643,50395.71,22827.0859375,214.0,234.32974243164062
2024-02-12,93.96739600943512,0.0,26653.620000000003,28261.52734375,116.0,236.13714599609375
2024-02-13,41.141626263262566,0.0,26827.359999999997,42617.5078125,113.0,241.93505859375
2024-02-14,86.0266970632772,11.699606088491592,30464.059999999998,26207.224609375,130.0,244.79051208496094
2024-02-15,51.826173197001495,31.41213778791756,23638.4,35025.921875,116.0,195.56192016601562
2024-02-16,13.465718945151039,37.22393430512527,24894.18,46436.1796875,116.0,188.8202362060547
2024-02-17,90.45688766009178,91.58177693684895,37401.979999999996,40971.29296875,150.0,162.62733459472656
2024-02-18,30.73771512925049,95.47304639629289,32961.58,55791.5234375,153.0,159.92623901367188
2024-02-19,0.0,99.85835115674516,33500.84,72703.984375,142.0,141.79885864257812
2024-02-20,22.09911991608986,94.14728728818221,32108.16,57120.69921875,142.0,150.31085205078125
2024-02-21,0.0,66.91587221372377,33716.34,75027.3203125,143.0,190.310302734375
2024-02-22,27.509292001379265,50.572338243470575,32451.97,55976.6328125,137.0,204.7158966064453
2024-02-23,0.0,40.836334228515625,31054.519999999997,72252.6015625,126.0,200.5462188720703
2024-02-24,53.75851426663731,64.04356779875579,38520.64,56333.15625,162.0,220.24942016601562
2024-02-25,55.564104507667764,89.92701480263158,44047.39,63620.2421875,190.0,170.861328125
2024-02-26,6.6295469418000295,39.67224924187911,29324.93,56705.75,114.0,182.7736358642578
2024-02-27,0.0,0.0,19678.35,45160.34375,93.0,189.3573760986328
2024-02-28,78.33342278101216,58.611012928521454,30639.42,37277.93359375,134.0,189.46124267578125
2024-02-29,58.992577435882176,49.45928180028522,27877.58,39309.45703125,126.0,189.68130493164062
2024-03-01,40.787786200103874,47.95965211004274,28671.81,45649.0234375,117.0,177.88720703125
2024-03-02,70.95438640704134,94.55143987795728,47135.36,33444.60546875,177.0,167.35604858398438
2024-03-03,47.520002959756255,62.91798869455893,55882.98,26555.59375,254.0,159.8116912841797
2024-03-04,46.21039650148655,36.73588145862926,28818.239999999998,44319.45703125,132.0,215.50863647460938
2024-03-05,57.98010530453262,79.46820940290178,71808.4,41634.5859375,308.0,244.7620849609375
2024-03-06,14.536785930703118,0.0,32526.43,60324.5625,130.0,321.8140869140625
2024-03-07,0.0,0.0,30636.179999999993,67740.25,130.0,289.42205810546875
2024-03-08,42.79669988481767,63.74758435534192,36125.33,56790.2109375,154.0,209.82872009277344
2024-03-09,54.63894135470747,95.47757997617617,43022.72,62538.28125,182.0,173.76919555664062
2024-03-10,88.37456439715034,78.00039953115035,41347.869999999995,36541.0,196.0,152.8807830810547
2024-03-11,44.63502524515711,33.09764431831532,29611.619999999995,46006.0859375,133.0,221.98013305664062
2024-03-12,96.32662328233792,88.66665544181035,33608.91,32374.328125,145.0,161.433349609375
2024-03-13,49.49546434106622,78.34060852786145,38461.68000000001,19036.787109375,166.0,130.04541015625
2024-03-14,84.56292295798465,93.4152205360127,37551.75,31754.857421875,187.0,174.68646240234375
2024-03-15,61.66999558827217,87.87142575442135,40267.670000000006,24833.0703125,182.0,159.92599487304688
2024-03-16,44.45875197763023,70.05186037385845,49023.32000000001,21795.15625,219.0,153.41357421875
2024-03-17,89.94563931307177,76.59475392308728,48385.84,43520.953125,203.0,250.5126495361328
2024-03-18,93.46057073613561,32.54658574643342,23309.019999999997,24833.296875,115.0,192.57142639160156
2024-03-19,88.45245874053742,56.66740417480469,28599.5,25296.9609375,120.0,171.99911499023438
2024-03-20,99.0645588063309,94.52350323016827,32065.0,31765.05078125,143.0,150.83139038085938
2024-03-21,73.60335201030831,89.85776656713242,38089.67999999999,28035.28125,156.0,140.17811584472656
2024-03-22,65.56229061288785,91.5990751083583,38130.630000000005,24999.314453125,146.0,158.26535034179688
2024-03-23,92.58922860213151,81.42052125395014,42303.979999999996,45439.03125,178.0,211.07147216796875
2024-03-24,84.71082840972754,92.78111775716145,43108.65000000001,49699.60546875,180.0,192.99398803710938
2024-03-25,0.0,0.0,21495.260000000002,48435.6484375,95.0,228.34022521972656
2024-03-26,50.10855108980532,4.312755443431712,25090.72,37608.84375,108.0,211.34222412109375
2024-03-27,90.44663399240147,54.984498023986816,28360.75,31070.15625,128.0,185.61984252929688
2024-03-28,75.71801809889253,69.8164848432149,32193.13,24376.0,146.0,190.06793212890625
2024-03-29,55.787187650594454,59.8363166307881,33326.26,18591.783203125,137.0,192.0242462158203
2024-03-30,49.462928398628655,76.89681171777829,44467.2,21994.779296875,201.0,154.56259155273438
2024-03-31,65.52868457901046,80.73260594928075,38632.67,25315.48046875,189.0,152.58462524414062
2024-04-01,76.8647654385957,76.17200041470463,35448.82,27247.65234375,146.0,180.78887939453125
2024-04-02,72.43321400038378,54.1155518603926,24545.47,31311.8671875,119.0,173.6024932861328
2024-04-03,64.20136059276464,63.28153958285812,30284.870000000003,41126.44140625,137.0,187.30429077148438
2024-04-04,46.771820294038704,14.410554378404527,25627.920000000002,39269.1953125,109.0,202.29249572753906
2024-04-05,29.580459680238192,45.214169716770414,83367.68000000001,24660.54296875,369.0,166.8402862548828
2024-04-06,41.255696975346076,76.88135164920415,47258.63,75020.3828125,214.0,263.4739074707031
2024-04-07,86.95462991224264,97.63417749360958,43525.69,49203.77734375,217.0,222.1338348388672
2024-04-08,32.145912635352374,72.21656047122579,33823.75,56774.546875,142.0,181.45248413085938
2024-04-09,82.41965012122715,98.08951895035321,46326.259999999995,38181.94140625,201.0,197.15993309020996
2024-04-10,37.6297409801715,47.142396356067515,34513.96,56040.40625,137.0,209.4149169921875
2024-04-11,95.13842592034334,73.95705714370266,38977.03,37082.1328125,165.0,207.97085571289062
2024-04-12,0.0,51.55385335286458,33590.42,128007.140625,144.0,213.762451171875
2024-04-13,66.07269786693449,90.61752250291643,51613.979999999996,69125.2109375,221.0,200.2647247314453
2024-04-14,0.0,41.69322107568642,38657.17,80411.796875,173.0,273.8707275390625
2024-04-15,78.71019905687936,71.15338740458016,29953.75,36330.84375,131.0,168.7890625
2024-04-16,0.0,92.15937769690225,38833.97,79484.625,172.0,185.48587036132812
2024-04-17,90.86233210135757,84.32234047103103,25380.64,23061.44140625,137.0,158.4783935546875
2024-04-18,72.38654643277742,93.99025656960227,35620.850000000006,25784.703125,154.0,144.7449951171875
2024-04-19,59.4225604202337,88.09063765254334,32432.43,45592.6796875,137.0,153.31582641601562
2024-04-20,8.300605100885079,91.25255162411548,43863.759999999995,84086.5625,188.0,171.5547970533371
2024-04-21,5.095081058879288,96.70069346170939,35716.63,69613.46875,167.0,172.5098419189453
2024-04-22,95.5849499782192,82.66413262549867,33745.3,35235.171875,141.0,165.44357299804688
2024-04-23,26.370611041237296,56.2160989512568,25728.910000000003,44672.94921875,115.0,165.3514862060547
2024-04-24,70.50840500418875,79.87748443103227,41969.64,54347.15625,183.0,146.17579650878906
2024-04-25,0.0,83.45457323554422,35601.9,93024.671875,147.0,171.32177734375
2024-04-26,47.77270498589353,83.90725488820787,44787.96,68179.5,181.0,210.12786865234375
2024-04-27,0.0,68.18289983840216,43569.71,90847.171875,168.0,221.45272827148438
2024-04-28,27.797082578629485,76.73415106696052,37128.25,63935.9296875,148.0,182.43345642089844
2024-04-29,98.49267764898615,91.74265257069763,33225.07,33725.87890625,142.0,130.27456665039062
2024-04-30,80.94132054855116,73.63424708700587,29885.269999999997,35581.0078125,117.0,147.84793090820312
2024-05-01,52.624490690624754,93.34265703712005,47741.119999999995,70358.71875,183.0,170.8170623779297
2024-05-02,0.0,49.073704310825896,31971.5,105136.6171875,140.0,211.29681396484375
2024-05-03,0.0,97.27519642223011,38964.38,116848.15625,165.0,160.5040740966797
2024-05-04,0.0,98.85511033078457,54227.16,151515.4375,235.0,237.69049072265625
2024-05-05,45.834941372726526,83.4437546220798,44995.270000000004,69366.984375,206.0,240.10586547851562
2024-05-06,0.0,0.0,29209.05,58884.04296875,123.0,247.90086364746094
2024-05-07,82.96248431153374,57.540130615234375,34961.99,40918.64453125,152.0,216.53900146484375
2024-05-08,45.149012176093365,88.01472003643329,35658.81,55218.01953125,156.0,174.69703674316406
2024-05-09,10.140222004365754,67.85209068885217,28874.77,54821.57421875,130.0,171.7922821044922
2024-05-10,64.58615458421971,99.93471631816789,36811.39,49847.71875,153.0,152.90011596679688
2024-05-11,77.24961192678352,95.73973028153335,49475.2,60731.0,193.0,184.77767944335938
2024-05-12,79.94493698317638,92.7587942643599,40944.82,32733.310546875,176.0,163.25547790527344
2024-05-13,87.58093244880124,99.40192350156748,36638.58,41188.75,157.0,156.06101989746094
2024-05-14,97.47408635172891,96.51937240209335,35779.770000000004,34876.00390625,156.0,161.42977905273438
2024-05-15,69.59147346767398,91.55240885416667,37904.14,49430.23046875,150.0,162.67138671875
2024-05-16,92.30963144409077,91.71377328725961,43291.6,39962.31640625,169.0,154.99627685546875
2024-05-17,79.803912549134,99.9453211677145,38023.58,45702.85546875,169.0,169.0924072265625
2024-05-18,54.5313425482848,69.87542173916236,63716.740000000005,34745.59375,266.0,185.86862182617188
2024-05-19,59.13408244467237,81.72582642644899,55529.23999999999,78221.7734375,234.0,276.7615661621094
2024-05-20,91.30799748093872,77.06974720794882,37136.850000000006,33908.9140625,149.0,183.16607666015625
2024-05-21,58.51214718694511,48.657096145499466,26773.739999999998,37881.58984375,117.0,177.07119750976562
2024-05-22,58.649855422102554,84.75102778081293,35205.07,20647.72265625,143.0,164.8060302734375
2024-05-23,50.08077187563582,70.95867701939174,32634.88,16343.7998046875,140.0,180.65785217285156
2024-05-24,40.597770025761804,90.87600708007812,41743.979999999996,16947.125,178.0,161.75929260253906
2024-05-25,51.179356480746705,89.06850415606831,49649.68,25410.38671875,215.0,191.49728393554688
2024-05-26,77.1806277011956,86.29967047243701,46150.86,35619.5234375,196.0,222.85264587402344
2024-05-27,87.04614832812581,66.66810838438624,29396.649999999998,33204.6484375,139.0,185.33132934570312
2024-05-28,81.4621158877045,74.21195876430457,32013.75,37948.421875,142.0,178.6190185546875
2024-05-29,76.91424798345315,83.5111284589434,32714.340000000004,40266.69140625,143.0,166.57908630371094
2024-05-30,75.53803095714837,96.89505583320567,35513.93,26826.5234375,153.0,148.2494354248047
2024-05-31,42.41770267015229,85.7679785751715,28811.840000000004,45402.359375,123.0,140.50538635253906
2024-06-01,99.96112211745702,88.78698175603694,36096.600000000006,36082.56640625,165.0,146.49851989746094
2024-06-02,92.0812863552852,89.8416563521984,37169.630000000005,34226.2734375,172.0,154.52764892578125
2024-06-03,0.0,27.928997537364125,24766.15,58820.6328125,115.0,197.88165283203125
2024-06-04,64.39862700207571,69.94685420283565,26906.45,36485.515625,135.0,175.57174682617188
2024-06-05,90.04811957793679,87.83824831940407,26611.18,23962.8671875,129.0,144.68865966796875
2024-06-06,86.28128976441081,38.655633795751285,33989.25,29326.36328125,146.0,235.56277465820312
2024-06-07,52.02211621091783,94.53862201736634,37237.25,19371.60546875,166.0,175.06588745117188
2024-06-08,77.67559908501579,97.78823097153466,44461.97,34536.1015625,202.0,197.5322265625
2024-06-09,85.82037590591003,96.66404939640714,38103.95,32700.953125,177.0,182.90463256835938
2024-06-10,1.0647672216971529,60.34089209328235,32407.230000000003,64469.3984375,142.0,198.31593322753906
2024-06-11,80.20357163425928,90.14441911564317,32686.490000000005,26215.732421875,172.0,188.95159912109375
2024-06-12,78.39877964947706,47.34624606459889,29653.98,36059.6015625,134.0,204.5560302734375
2024-06-13,84.08801524330019,78.57007730693718,37967.5,44008.8828125,191.0,150.06884765625
2024-06-14,79.13586748691701,85.24162163168697,37093.96,44833.29296875,177.0,150.87767028808594
2024-06-15,62.97856577339066,69.48243574662642,48097.490000000005,30291.109375,220.0,152.86135864257812
2024-06-16,94.50731847813961,75.75687680925643,46520.43,43965.2109375,224.0,169.69540405273438
2024-06-17,95.91844555792683,71.71026865641277,30419.58,29177.98828125,120.0,153.9476776123047
2024-06-18,91.93183032246885,96.7303908014872,35895.56,32999.4453125,166.0,160.57244873046875
2024-06-19,74.21521964215647,72.96249856074304,46383.4,58343.2578125,229.0,167.08412170410156
2024-06-20,25.77304238208798,62.612472755321555,29575.23,51528.0234375,138.0,189.59478759765625
2024-06-21,63.49520090043504,87.5677490234375,38734.61,52874.6015625,165.0,185.51321411132812
2024-06-22,85.79686307214692,86.2931166237932,51599.29,58928.0078125,246.0,212.28106689453125
2024-06-23,82.41291800363882,84.39942667306947,51708.880000000005,42614.796875,242.0,204.24661254882812
2024-06-24,0.0,0.0,26061.49,60845.28125,122.0,262.11309814453125
2024-06-25,0.0,13.52892743041184,30913.929999999997,70131.15625,151.0,281.5713195800781
2024-06-26,64.11356593237136,84.8189437945272,39152.05,25101.775390625,193.0,163.7005615234375
2024-06-27,0.0,88.8275146484375,23887.86,55668.5859375,123.0,136.74215698242188
2024-06-28,45.60907857282211,54.825166214344115,38186.55,58956.56640625,172.0,94.29928588867188
2024-06-29,23.914972781561232,57.62027180025363,43746.08,77030.296875,211.0,121.57877349853516
2024-06-30,80.72802855523307,52.571351424507476,54503.67,43999.73828125,230.0,120.91410827636719
2024-07-01,10.969348614810954,83.95576206504876,32294.87,61047.203125,141.0,163.62237548828125
2024-07-02,78.4804001290168,47.46007963259649,45924.25,36041.53515625,217.0,102.98837280273438
2024-07-03,62.50981038428384,99.38971201578777,29570.07,40655.9453125,144.0,143.12118530273438
2024-07-04,48.469631356147026,64.16350610998293,33926.41,16444.005859375,151.0,96.88689422607422
2024-07-05,98.481963974819,88.44528198242188,37604.53,37033.6796875,174.0,153.89479064941406
2024-07-06,89.73759634332872,82.12214779091752,52283.07000000001,46917.5703125,219.0,179.84750366210938
2024-07-07,37.44300230344877,68.4470832014883,38948.119999999995,63312.89453125,179.0,235.47972106933594
2024-07-08,28.683958765543437,0.0,24018.99,41148.3828125,119.0,238.708984375
2024-07-09,24.118350033285978,0.0,31304.480000000003,55058.8359375,145.0,306.7203063964844
2024-07-10,32.18157079392776,0.0,32324.100000000002,54245.796875,147.0,346.06158447265625
2024-07-11,71.0220701064046,55.32466519263483,52956.36,37610.703125,248.0,137.20516967773438
2024-07-12,44.88501635685462,65.05568853699336,48638.630000000005,21831.45703125,202.0,131.41249084472656
2024-07-13,64.17578876935427,94.35738912442835,42255.54,57393.25390625,205.0,216.56735229492188
2024-07-14,95.03467282111242,99.22348022460938,48553.79,50964.64453125,220.0,221.70834350585938
2024-07-15,0.0,57.5736107764306,33571.94,108519.4296875,154.0,219.33663940429688
2024-07-16,5.75780329799764,80.05926774784842,42450.0,82455.8125,187.0,224.28916931152344
2024-07-17,0.0,96.56578911675348,39703.59,92084.921875,180.0,173.81842041015625
2024-07-18,16.581063385727518,80.80368041992188,37643.49,69045.2890625,192.0,155.14306640625
2024-07-19,14.86700156626334,58.488208007812496,49972.44,92515.4765625,250.0,146.22052001953125
2024-07-20,67.41776719146125,71.91173217305735,57616.83,76389.6796875,261.0,187.6896209716797
2024-07-21,0.0,85.36445495279078,39456.28,88863.0390625,187.0,214.36846923828125
2024-07-22,62.096277206644444,94.1379165649414,35699.0,49230.25,160.0,150.62066650390625
2024-07-23,96.79837500303904,62.069583157880594,45244.700000000004,46693.265625,218.0,135.3116912841797
2024-07-24,10.110377506301091,97.72488883372104,35358.88,67142.84375,178.0,182.04969787597656
2024-07-25,61.06884468309961,87.01054722211937,46289.94,64311.1484375,211.0,183.59225463867188
2024-07-26,0.0,94.48631805123635,47131.72,106072.4296875,206.0,217.35818481445312
2024-07-27,87.03008738262938,75.9295049703346,47514.02,53676.546875,212.0,160.97055053710938
2024-07-28,56.5785513250998,67.88321708325093,53014.12,29994.62109375,237.0,160.8832244873047
2024-07-29,80.83197838832098,71.94433119690534,47646.46,56779.34375,206.0,148.205322265625
2024-07-30,40.399367726775694,78.38676980456466,34788.56,55522.76171875,159.0,124.63496398925781
2024-07-31,28.699250386057102,74.0625725781664,39132.81,67034.796875,188.0,139.23763644695282
2024-08-01,7.0383582810460155,76.94159731994766,44233.17999999999,85353.0703125,204.0,156.96085853269324
2024-08-02,62.06554585658457,59.34024279316266,47026.18,64865.3046875,216.0,128.17492443323135
2024-08-03,1.136803803292679,54.49650525364084,47922.16,95299.5390625,206.0,112.26280082250014
2024-08-04,22.88093754200858,35.621955421533485,59660.42,105669.9765625,267.0,95.11062097549438
2024-08-05,6.541856477184552,58.844492580304596,38367.21,74224.4921875,179.0,105.33164171874523
2024-08-06,70.71136469925325,59.3687612075536,38830.67999999999,50203.65625,168.0,99.73951882869005
2024-08-07,39.550185649984925,66.35264453167717,45009.43000000001,72217.546875,207.0,137.34997418057173
2024-08-08,0.0,78.18927566210428,47639.530000000006,134307.828125,198.0,154.8147658109665
2024-08-09,0.0,87.06985959156074,42232.06999999999,285221.1875,199.0,173.2690205872059
2024-08-10,0.0,88.88243965480639,53143.89,188529.65625,230.0,204.4296112060547
2024-08-11,54.24515580971933,63.54664065766095,61196.759999999995,89197.2421875,299.0,190.00445556640625
2024-08-12,82.25249512401285,83.56116857284155,40827.630000000005,48073.515625,156.0,181.6445770263672
2024-08-13,77.01733386663318,96.29748387736564,35208.46000000001,27116.6171875,161.0,155.03894904255867
2024-08-14,47.12661306541743,47.22656113301923,38186.61,58377.1640625,167.0,255.1316429078579
2024-08-15,64.08145138734426,58.88965706334268,60244.6,81883.5859375,278.0,163.71324663609266
2024-08-16,0.0,5.408999288920313,33709.8,73989.21875,128.0,249.076480910182
2024-08-17,97.0250231527988,92.18363206461072,46538.649999999994,47923.1640625,200.0,184.36726412922144
2024-08-18,54.84532897430757,89.29588581350717,59344.3,86141.0234375,231.0,255.72650377079844
2024-08-19,91.53365452069862,86.30286686379334,34175.47,31282.056640625,145.0,164.86084304749966
2024-08-20,86.90538795147822,97.74666516700896,39110.69,33989.296875,164.0,167.6954691261053
2024-08-21,24.19614578141106,48.42884014179181,37275.26,65531.34375,154.0,233.41958618164062
2024-08-22,44.961425088410024,66.31159464518228,37478.78,58106.56640625,150.0,200.53260803222656
2024-08-23,99.71109463713168,95.03091192214276,46484.08,46618.375,191.0,181.5090417712927
2024-08-24,59.993637806279224,86.87797819752646,75007.54000000001,105015.328125,307.0,266.71539306640625
2024-08-25,96.95576864717926,95.3651710792824,67849.27,65783.78125,297.0,283.23455810546875
2024-08-26,60.04258735155782,71.92745771057702,52997.91,31821.31640625,222.0,159.678956117481
2024-08-27,77.3018852081147,63.25622575695505,55845.89,43169.92578125,237.0,149.91725504398346
2024-08-28,79.44736878284878,48.05735233458371,64189.97,50997.2421875,277.0,133.11886596679688
2024-08-29,98.68817261246167,45.682461833690894,66230.56,67099.390625,272.0,124.25629618763924
2024-08-30,21.213370104302754,64.19149395741022,61728.95,110363.109375,253.0,162.40447971224785
2024-08-31,94.01052142536552,67.37640507250651,76042.81,71488.2421875,319.0,214.93073218129575
2024-09-01,90.60307635910691,92.46332032761707,79102.68,86535.8984375,323.0,298.6565246582031
2024-09-02,69.79133667885573,61.56268988715278,56031.11,72957.359375,225.0,311.48394775390625
2024-09-03,90.19253782391469,95.1514936018328,55299.66999999999,49876.17578125,247.0,235.024189196527
2024-09-04,0.0,27.152909661218317,55484.54,119330.703125,217.0,375.07818603515625
2024-09-05,0.0,82.93419388422356,53842.58,117172.640625,227.0,265.7393798828125
2024-09-06,37.418361105672936,94.17806837645148,58383.63,94921.0625,238.0,224.14380273595452
2024-09-07,0.0,78.72347650824818,64615.58,157959.40625,257.0,311.6806653738022
2024-09-08,0.0,73.50789993766725,62882.94,136572.96875,254.0,321.2899341583252
2024-09-09,93.28542187086583,94.6321379257438,56540.88,52744.3984375,233.0,245.50711863301694
2024-09-10,0.0,90.72262816575926,63550.19,149598.625,268.0,292.8633565157652
2024-09-11,0.0,7.258118974401597,44324.07,184478.25,188.0,362.354736328125
2024-09-12,9.479834529158765,99.9017975209752,63813.65999999999,121577.890625,257.0,256.74761962890625
2024-09-13,0.0,87.05699831940407,59908.87,122025.796875,258.0,291.3929443359375
2024-09-14,35.45017976225735,73.16288551833364,77991.9,128335.53125,349.0,255.33847045898438
2024-09-15,70.06813890313825,72.8527160854274,74857.2,52451.046875,291.0,212.00140380859375
2024-09-16,80.37509697279049,94.66088807582855,54267.8,43617.796875,225.0,237.01300182938576
2024-09-17,0.0,0.0,4540.45,57016.48046875,17.0,243.42246869206429
2024-09-18,95.24847622118733,91.72534392129907,52904.66,55418.4375,229.0,247.94896242022514
2024-09-19,56.890800045655624,46.863875850554436,57824.2,82751.75,248.0,379.777587890625
2024-09-20,0.0,56.0377836227417,67346.87,161814.859375,256.0,368.54327392578125
2024-09-21,65.49602661813921,87.23781134492607,95687.38,128703.328125,372.0,324.524658203125
2024-09-22,0.0,80.26861281622024,76259.45000000001,154078.1875,315.0,377.15386962890625
2024-09-23,62.75086478773138,78.56909796077773,58533.149999999994,80336.2421875,259.0,314.5060362815857
2024-09-24,69.64924502753054,93.36949360700464,59272.36,77261.96875,253.0,269.77518117427826
2024-09-25,0.0,0.0,35849.61,101173.8359375,159.0,344.2193260192871
2024-09-26,0.0,0.0,64472.17,164984.59375,251.0,526.238037109375
2024-09-27,0.0,9.124814561671684,59871.94,228941.59375,270.0,515.3630006834865
2024-09-28,94.60534805910098,70.74979957822082,74444.11,70428.109375,308.0,217.9093827009201
2024-09-29,80.24790204849202,68.3408856111106,91994.5,73823.65625,398.0,271.9967247322202
2024-09-30,0.0,35.281011646884124,55948.11,116156.3671875,234.0,385.44243274629116
2024-10-01,90.48899194262472,88.15148085989851,71205.57,77977.9375,282.0,315.4128239750862
2024-10-02,29.514386033279933,53.14943439574266,72043.4,122823.6328125,294.0,431.7406628765166
2024-10-03,53.66798481986977,51.95052232209607,69914.42,102307.1796875,267.0,395.2921054000035
2024-10-04,93.08827243769628,88.53637720348458,80233.17,74687.671875,297.0,331.0469597056508
2024-10-05,84.10154791209598,94.31828808954019,83384.58,96641.4375,334.0,352.97691778093576
2024-10-06,25.6010420740252,97.68057966075085,79859.01,139273.28125,327.0,334.5845045093447
2024-10-07,0.0,22.508520276936807,59817.27,182766.625,226.0,401.1307441741228
2024-10-08,47.11857873990719,38.257431618795536,50332.8,76949.5,202.0,326.719988130033
2024-10-09,26.027784532500505,69.02267766904228,58313.11,101448.609375,237.0,310.4162539243698
2024-10-10,17.589552789105753,61.09447476181965,56448.2,102967.4140625,243.0,337.54042632877827
2024-10-11,18.11499900875377,28.645341289928922,71727.89,130462.2734375,313.0,536.3400817625225
2024-10-12,8.962900119761102,69.21264075467155,71676.04000000001,136927.828125,288.0,376.6675946265459
2024-10-13,71.99770280109975,94.74612441327837,76606.34,98057.875,333.0,350.49540570378304
2024-10-14,2.2977798663117,60.00105490806711,56238.28,111184.328125,239.0,334.5974787697196
2024-10-15,78.68440710345226,94.94287109375,71658.96,86933.4921875,300.0,284.82861328125
2024-10-16,90.38437150114319,91.8115708434466,68995.75,75630.125,309.0,283.69775390625
2024-10-17,97.82181179060439,92.9998773664236,61811.42,63157.7890625,250.0,267.500306583941
2024-10-18,73.77334949935477,98.95496304660124,60295.19,44481.78125,245.0,242.43965946417302
2024-10-19,62.81848206631211,96.8759190134312,93467.39,128219.984375,380.0,391.87150774896145
2024-10-20,78.27258599592952,97.86795206684175,94155.91,73698.265625,377.0,368.9621792919934
2024-10-21,56.995280414375735,63.935264678449805,52394.96,74927.265625,218.0,296.6211230009794
2024-10-22,86.92867939880415,88.22051295694315,60393.630000000005,68287.875,265.0,233.78435933589935
2024-10-23,40.912738743735176,55.99297308748154,63234.119999999995,100597.4296875,266.0,383.0586915872991
2024-10-24,0.0,59.79887022420872,63604.18,208230.84375,276.0,386.95511818118393
2024-10-25,0.0,45.49883187930119,54918.99,138382.390625,241.0,372.34781517088413
2024-10-26,0.0,21.62213315972342,62640.72,192395.546875,260.0,463.7824537847191
2024-10-27,0.0,0.0,54163.36,462163.625,223.0,462.1511791339144
2024-10-28,0.0,0.0,42629.17,172048.6875,179.0,420.67525155097246
2024-10-29,0.0,0.0,33098.43,325304.75,133.0,448.0953952819109
2024-10-30,0.0,0.0,54022.56,171726.34375,210.0,522.4912227243185
2024-10-31,0.0,4.219739841842227,66384.1,164252.46875,229.0,448.3367957621813
2024-11-01,0.0,51.35273770526613,60168.32000000001,132499.5625,239.0,355.26695688441396
2024-11-02,31.868875162982874,29.823425994032903,51523.82,86627.578125,210.0,357.3708054125309
2024-11-03,2.9124943402776893,43.969118100292285,60603.68,119442.28125,265.0,413.48183703422546
2024-11-04,0.0,0.0,39668.87,100028.453125,169.0,429.91781762987375
2024-11-05,0.0,33.046910821312025,39652.86,86280.125,176.0,293.83743695449084
2024-11-06,0.0,10.922039146053379,50854.97,167073.75,232.0,438.66086918115616
2024-11-07,14.403675659076129,0.0,44823.73,83191.1953125,201.0,635.3400408029556
2024-11-08,80.49249493607965,17.26284419179808,66025.92,78905.9296875,282.0,515.3187793791294
2024-11-09,89.37213481641497,69.73459083664311,85806.02,76686.671875,337.0,438.9944288805127
2024-11-10,51.512712835774565,93.61580810715667,85618.82999999999,44104.58203125,339.0,317.3575894832611
2024-11-11,59.736993975115645,90.05998858153376,64295.01,38407.90625,268.0,294.63923060148954
2024-11-12,85.86328262353948,81.51394162240989,70956.04999999999,80986.90625,303.0,246.98724311590195
2024-11-13,54.37909446339988,50.9179651232089,55717.28,81136.00767636299,236.0,351.833602309227
2024-11-14,78.02385995011907,80.03246926298169,80122.81,97730.7109375,304.0,364.70129344053566
2024-11-15,0.0,88.90478108738034,92237.4,241446.0,367.0,326.28054659068584
2024-11-16,64.92420611189412,84.26338227753563,83190.25,112369.890625,343.0,289.0234012119472
2024-11-17,69.74768238021134,62.59968379881176,98073.14,68403.7421875,394.0,246.64275416731834
2024-11-18,81.49438646292379,93.27077392086335,69657.73,82548.3203125,287.0,267.6871211528778
2024-11-19,93.32110705669642,95.26329111361962,60385.479999999996,56352.3984375,241.0,252.41546841617674
2024-11-20,49.72250931942024,90.00601519676755,81563.54999999999,122571.65625,321.0,288.91930878162384
2024-11-21,73.52924462405133,85.96229213807318,68188.43,50138.4375,288.0,328.42859864234924
2024-11-22,78.75547402871226,94.73592196741411,66518.65,52387.078125,279.0,293.6867777109146
2024-11-23,60.19054341950481,79.24112786144966,104910.57,63146.2421875,409.0,324.0962129533291
2024-11-24,98.37203348896246,75.43883455904904,73867.92,72665.375,302.0,376.1747196316719
2024-11-25,75.68568582048549,91.20770785888331,63026.770000000004,78351.296875,269.0,245.34873414039612
2024-11-26,90.40927774249272,82.50971155690736,72079.59,65166.63671875,290.0,239.27816351503134
2024-11-27,86.68559280137198,92.27657573955024,62735.009999999995,71087.8046875,272.0,293.00771398842335
2024-11-28,99.46645512412381,97.22791407015417,74008.36,73613.4921875,308.0,299.46197533607483
2024-11-29,64.31327035017841,94.40523604333619,66106.29999999999,89697.4765625,273.0,257.7262943983078
2024-11-30,49.119004500152194,53.53113510977724,97276.70999999999,47781.3515625,407.0,217.87171989679337
2024-12-01,85.54268694829892,82.25452374105583,88185.20999999999,100934.421875,365.0,300.2290116548538
2024-12-02,50.073068896944086,61.82176015508457,68756.17,103084.015625,254.0,350.9727292060852
2024-12-03,56.04806746904008,85.01094289898099,56548.9,81403.234375,231.0,265.62472190335393
2024-12-04,76.53995977373461,94.21238081239454,73163.64,90327.859375,308.0,325.8258670978248
2024-12-05,90.08278615811119,93.37073433048585,64034.18,57683.7734375,272.0,253.9683973789215
2024-12-06,46.3561811491926,86.80151534407106,86175.45999999999,39947.65234375,365.0,316.8255310058594
2024-12-07,91.68682794925557,95.85886471877897,86898.2,79674.203125,346.0,331.67167192697525
2024-12-08,79.67447848041265,79.28022030457424,90884.41,72411.6796875,381.0,302.05763936042786
2024-12-09,67.59088371974414,76.81575644308248,62154.49,82298.2109375,296.0,364.62536092847586
2024-12-10,95.75590019087431,79.2190768652492,72932.81,69837.46875,297.0,235.28065828979015
2024-12-11,66.9713710409755,83.05040112842458,79066.51000000001,52951.92578125,332.0,275.7273317463696
2024-12-12,70.45709013894188,88.66279780302408,61690.54000000001,43465.359375,265.0,295.0435858219862
2024-12-13,95.74876555253289,93.45395122435772,78727.53,82074.421875,319.0,339.88189559429884
2024-12-14,49.646074423812735,66.34502250466261,100518.97,49903.72265625,444.0,294.571899920702
2024-12-15,63.65608075381047,85.67177526500372,95094.46,60533.40625,391.0,334.9766412861645
2024-12-16,69.2396406231159,71.73127231375469,78535.31,54377.56640625,343.0,246.0382640361786
2024-12-17,69.99148097359512,65.68644819365944,75888.22,53115.2890625,314.0,206.25544732809067
2024-12-18,56.11376770925982,67.78285632817409,94285.42,52907.1015625,390.0,264.35313967987895
2024-12-19,72.36091540488124,96.46219290183775,76358.07,55253.3984375,318.0,329.25022657215595
2024-12-20,72.78448891738618,89.51446016629536,89856.51,65401.6015625,378.0,417.6353405714035
2024-12-21,64.67048462224011,42.00313803272769,82202.48,53160.7421875,329.0,519.8096758723259
2024-12-22,38.0335150119483,55.21969714961445,101344.94,38545.04296875,401.0,580.5690144300461
2024-12-23,49.064264998198304,47.83488171375715,79175.01,38846.63671875,325.0,494.53663443028927
2024-12-24,48.36956187503764,87.52253406998739,89838.41,43454.4453125,346.0,389.1720321178436
2024-12-25,94.36625926468044,92.10495497539358,101453.85,95738.203125,424.0,390.5250090956688
2024-12-26,52.89190992095725,74.3221336743647,73288.19,38763.5234375,297.0,373.26326298713684
2024-12-27,16.626698834612142,71.88551301222581,81900.62999999999,13617.37109375,325.0,233.6279172897339
2024-12-28,27.043674529363244,94.45187640560549,83331.25,22535.83203125,354.0,373.64035752415657
2024-12-29,39.743517769264926,83.06527001192006,98937.97,39321.4296875,419.0,489.95651865005493
2024-12-30,90.13784971873227,54.433688467362856,78780.81,71011.328125,331.0,481.82449117302895
2024-12-31,67.68347670865737,72.47608220854471,87282.85999999999,59076.07421875,344.0,438.6822772026062
2025-01-01,84.89273692679406,96.39119845826913,99746.0,84677.109375,391.0,405.1104140281677
2025-01-02,97.44035757053273,79.49485527463706,78772.98999999999,80789.296875,332.0,400.07708048820496
2025-01-03,42.61697562452608,69.43976497844265,104356.33,44473.51171875,415.0,288.175024660537
2025-01-04,71.78340085899518,60.306924623800505,139050.84,99815.421875,564.0,340.13105487823486
2025-01-05,0.0,69.21691964813371,106271.42,448880.5,441.0,576.7533843517303
2025-01-06,37.21347226921169,70.43110872262844,82672.19,134579.1875,327.0,423.690274477005
2025-01-07,0.0,93.61740892785359,94364.99,266896.28125,403.0,377.27815797924995
2025-01-08,0.0,16.7432485241185,92851.45999999999,204630.8125,361.0,661.5568728279322
2025-01-09,0.0,57.56628219564648,86436.95,291954.40625,368.0,524.156081520021
2025-01-10,99.44260439112007,88.24399865069095,103167.29999999999,102592.25,422.0,471.61032569408417
2025-01-11,74.67408227641982,86.25269290977167,118064.69,147965.65625,467.0,402.8000758886337
2025-01-12,42.61307352619678,80.22925666390924,110236.90000000001,173498.46875,451.0,540.1660524457693
2025-01-13,14.539035729371335,83.62172751509574,84280.8,156307.984375,356.0,414.30665004625916
2025-01-14,0.0,47.28881485454668,79052.35,288031.25,317.0,484.09445691108704
2025-01-15,0.0,33.72269740673838,94117.4,217256.4375,388.0,645.1559340618551
2025-01-16,69.0249627216219,70.81930785437964,122537.51999999999,160493.5625,479.0,618.7755153775215
2025-01-17,63.582286197885765,62.8445283308592,118563.13999999998,161741.125,449.0,615.8280677944422
2025-01-18,41.07770162077937,65.81271681660101,124559.20999999999,197952.359375,475.0,637.3895951211452
2025-01-19,69.89076408063445,67.58132220477863,125875.72,163775.9375,538.0,712.412486538291
2025-01-20,49.790405664698326,87.77447006437514,105562.55,158565.078125,450.0,505.0148847103119
2025-01-21,0.0,49.251314881138306,95945.65,211767.625,390.0,587.9198719635606
2025-01-22,3.0560872139518693,24.454678617530135,97383.96,191791.78125,398.0,698.6703791022301
2025-01-23,0.0,0.0,107818.57,395286.0625,442.0,964.9221603684127
2025-01-24,0.0,40.69300724735743,94167.35999999999,657826.875,395.0,629.2626213729382
2025-01-25,0.0,66.40386357740448,115484.83000000002,1127325.5,457.0,610.5343434512615
2025-01-26,0.0,60.36734550771579,87992.01,498425.09375,355.0,495.69592344760895
2025-01-27,0.0,75.34003137292976,76062.07999999999,205457.25,334.0,416.3642952144146
2025-01-28,0.0,48.30179007391915,75361.12,329468.875,331.0,502.1210748553276
2025-01-29,0.0,46.75977041934456,89158.44,382910.8125,358.0,548.6000218987465
2025-01-30,0.0,37.50827973809194,87619.94,301834.625,370.0,601.2193649690598
2025-01-31,0.0,49.74358578310733,78815.64,648820.625,351.0,527.4000139012933
2025-02-01,0.0,96.37195244719163,123743.49000000002,362306.625,518.0,536.7932863235474
2025-02-02,0.0,58.63321706757957,111429.62,750764.375,451.0,637.5641910252161
2025-02-03,0.0,38.62049675123258,72707.62,466489.84375,330.0,532.5523607209325
2025-02-04,84.54941320396826,65.62819867495782,75410.36,87061.703125,323.0,434.02091827988625
2025-02-05,87.16887175329455,74.46399673502496,101898.68,88823.9296875,423.0,531.0172938108444
2025-02-06,0.0,0.0,94872.36,347331.125,372.0,789.3773079365492
2025-02-07,0.0,76.65423730133304,107045.34,396191.90625,431.0,531.6202372312546
2025-02-08,0.0,48.61538520461954,115248.26000000001,239285.703125,452.0,684.2584588751197
2025-02-09,71.88624242418744,68.13041659399767,110268.69999999998,141269.375,449.0,592.0944294929504
2025-02-10,0.0,49.48694197297434,85179.70999999999,194433.1875,353.0,531.3110948354006
2025-02-11,68.9269039012543,96.86922360115543,82901.03,57141.11328125,349.0,359.92640963196754
2025-02-12,73.40364962948561,43.56203742014865,67063.52,84899.96875,288.0,450.5413322299719
2025-02-13,42.14748567086718,93.60031810548078,104109.58,43879.5703125,431.0,403.4173710346222
2025-02-14,78.41994432518791,49.049886623878436,109586.36,85937.5625,426.0,643.0474829822779
2025-02-15,49.62244173427133,93.72742508408768,129922.0,195373.53125,497.0,528.1746973320842
2025-02-16,0.0,56.68627468272497,97414.25,480986.9375,409.0,586.1531365476549
2025-02-17,44.25407876969996,77.26533790574982,80516.62,125401.3515625,337.0,413.61581125762314
2025-02-18,73.19080585235731,93.72927713475815,93390.06,68352.9375,365.0,342.11186154186726
2025-02-19,56.6204129282141,83.63807785685535,81604.62,117004.3671875,333.0,387.4852007366717
2025-02-20,30.879156962754422,97.98790348539427,84343.13,142641.8125,338.0,331.1991137806326
2025-02-21,0.0,77.07055251879297,75317.85,169246.921875,314.0,385.99846509099007
2025-02-22,0.0,62.25491556277407,116870.54999999999,309957.75,469.0,646.0244460105896
2025-02-23,50.030899743560305,67.02696188442306,107771.93,161624.59375,438.0,582.421906946227
2025-02-24,0.0,65.93197043571207,86528.18000000001,187339.9401125908,360.0,482.64490643143654
2025-02-25,68.27114961342436,87.77181779045657,79799.39000000001,54479.9609375,332.0,291.4024350643158
2025-02-26,56.77000427301137,90.81533657179938,87046.34,49416.2109375,360.0,326.9352116584778
2025-02-27,60.825719987834745,88.94968906322399,85834.61,52209.51953125,333.0,369.7975354194641
2025-02-28,0.0,94.15494553030354,87739.59,178600.40625,365.0,386.3344488143921
2025-03-01,25.83801282124179,62.96416560206751,123108.2,214407.6875,495.0,311.67261973023415
2025-03-02,0.0,87.09847777363765,101735.70000000001,556280.75,415.0,468.5413172394037
2025-03-03,0.0,78.42716638810366,88512.54999999999,468968.0625,381.0,463.1924960613251
2025-03-04,0.0,89.18913770194985,84788.13,371552.96875,368.0,407.78397325682454
2025-03-05,0.0,65.81582359663427,93899.69,247638.9375,365.0,489.7722438722849
2025-03-06,0.0,0.0,19165.91,241120.53125,87.0,453.1009409725666
2025-03-07,12.005813683071807,89.0361538963844,91374.95000000001,171779.59375,367.0,407.2373152002692
2025-03-08,0.0,84.60351749973478,132349.72,596803.8125,530.0,611.6013572514057
2025-03-09,0.0,89.684839287834,99044.37,758866.5,426.0,469.9425846338272
2025-03-10,0.0,41.42386984662867,81122.19999999998,672657.3125,326.0,516.9581842999905
2025-03-11,0.0,2.165355075044957,82311.79000000001,606506.5,317.0,627.1358244121075
2025-03-12,0.0,54.59348748369915,90279.84,678527.125,369.0,536.5500311851501
2025-03-13,0.0,66.84908783016492,92806.61,702645.0,398.0,529.9406304359436
2025-03-14,0.0,53.91780991875936,66147.25,346493.8125,252.0,368.1271190047264
2025-03-15,0.0,91.74251597616131,112276.07,492743.15625,432.0,467.6723309829831
2025-03-16,0.0,83.15034885795748,102279.64,246134.90625,441.0,366.69303846359253
2025-03-17,31.945459417841832,86.29195573403663,82384.48000000001,138450.859375,388.0,334.81278824806213
2025-03-18,0.0,88.77102804334858,81197.66,169973.9375,316.0,351.4835513830185
2025-03-19,0.0,84.17107975553898,90153.53,223335.6875,378.0,437.83331852406263
2025-03-20,56.171348814793696,97.35723486568921,81317.91,116958.453125,341.0,331.9881708920002
2025-03-21,68.65533717869535,70.19603216826026,100716.35,69147.14968657494,402.0,282.18804931640625
2025-03-22,57.88283109771859,50.442871542377326,135259.32,78291.9237395227,524.0,264.3206468820572
2025-03-23,0.0,94.14991588767515,109945.91999999998,267409.59375,436.0,410.4936332702637
2025-03-24,9.430160581780783,69.02126450602427,81207.22,154756.46875,299.0,391.62641912698746
2025-03-25,72.98096006151425,79.01041843445904,83503.9,106065.8520911932,332.0,262.314589202404
2025-03-26,0.0,89.77920268675541,85421.94,317170.9375,351.0,315.1250014305115
2025-03-27,0.0,84.47319629407747,82333.20999999999,367188.6875,321.0,370.84103989601135
2025-03-28,0.0,63.14080650498977,108309.62,217636.09003162384,411.0,259.50871473550797
2025-03-29,0.0,70.35784739881308,125294.73000000001,697539.75,467.0,328.57114735245705
2025-03-30,0.0,60.234808148918574,118552.05,483269.5625,455.0,274.0683770775795
2025-03-31,0.0,62.319072774637526,112799.03,226636.53125,428.0,266.7256314754486
2025-04-01,0.0,79.01399311912022,77490.20000000001,324482.5,311.0,376.26648139953613
2025-04-02,0.0,93.82177030852249,84041.25,209194.8125,333.0,312.4264951273799
2025-04-03,65.23328283305206,81.86707844477537,94672.74,127587.34375,353.0,417.00921308994293
2025-04-04,95.10689880566478,87.05146841900445,107941.22,102659.546875,419.0,364.74565267562866
2025-04-05,96.7318572997017,71.11625166973849,118543.20000000001,114669.0390625,435.0,309.3556947633624
2025-04-06,48.4191639363825,87.18477435518452,123186.20000000001,186726.671875,481.0,419.3587646484375
2025-04-07,0.0,38.67177602407095,93110.01,205256.34375,370.0,596.9144287109375
2025-04-08,0.0,74.13312682399044,88416.51,292020.09375,351.0,441.7927248477936
2025-04-09,0.0,98.00823542076772,101754.93000000001,306521.4375,381.0,373.411376953125
2025-04-10,6.833770368439332,73.50165943590983,94748.3,183021.71875,347.0,438.9492417573929
2025-04-11,0.0,99.56563818832518,88865.6,224207.09375,355.0,353.4580155685544
2025-04-12,0.0,71.4587688841717,134008.22,387409.84375,499.0,356.5792567320168
2025-04-13,0.0,72.2842292229932,121881.1,351460.40625,665.0,480.6901243329048
2025-04-14,12.101559321909605,21.05123586756619,76377.43,143512.0,380.0,680.0053037032485
2025-04-15,6.491954289368422,90.14792403838825,86946.95000000001,168249.34375,424.0,465.7728020772338
2025-04-16,0.0,45.1565541664931,84097.1,219288.54629826546,463.0,716.925154209137
2025-04-17,0.0,57.530988980069196,97076.24,355415.15625,482.0,686.7006331160665
2025-04-18,0.0,65.50905633133539,116388.62,331096.5625,593.0,797.5312959551811
2025-04-19,0.0,69.47375749910935,108573.39000000001,522468.8125,541.0,706.1469719298184
2025-04-20,0.0,92.95170614336945,110197.94,382433.8125,586.0,544.696998000145
2025-04-21,0.0,83.621512642151,78938.65,307668.75,449.0,522.539408236742
2025-04-22,0.0,86.97211229601842,81382.97,233162.4375,456.0,515.407167930156
2025-04-23,0.0,93.78623242350831,84988.89,207495.125,435.0,407.9701110422611
2025-04-24,0.0,87.42495556056065,101572.44,396322.34375,548.0,479.08875647187233
2025-04-25,0.0,83.50339761195193,89833.22,224077.34375,477.0,555.6887933909893
2025-04-26,35.857847431054736,67.78424505071092,123410.95999999999,202569.40625,661.0,448.05385978519917
2025-04-27,0.0,82.71933377904146,109566.63,328361.90625,588.0,689.6103173792362
2025-04-28,0.0,72.11675474322156,70654.09,284100.46875,418.0,534.5519651733339
2025-04-29,0.0,97.21099252884204,80962.41,256951.984375,468.0,454.9474450349808
2025-04-30,0.0,21.74755113916339,98858.1,480303.03125,491.0,875.2195239067078
2025-05-01,0.0,26.116802766721506,88617.34,427213.0625,377.0,655.5396535694599
2025-05-02,0.0,75.00074999017077,83237.17000000001,209100.46875,430.0,537.4967750422657
2025-05-03,90.80530541620529,94.63386050058067,108674.98000000001,118667.3125,545.0,515.7545397281647
2025-05-04,74.70000799198091,95.45902272544677,100350.59,125739.28125,539.0,514.5241324901581
2025-05-05,44.412217102396156,40.561866357314344,60786.57000000001,94576.4765625,294.0,468.74811290949583
2025-05-06,40.23515224142484,82.20212456058053,64993.48,103836.734375,340.0,400.5127764940262
2025-05-07,0.0,0.0,55214.509999999995,130795.40625,282.0,628.8785245120525
2025-05-08,0.0,0.0,71342.47,394410.8125,405.0,966.0842114984989
2025-05-09,0.0,0.0,72055.33,305224.4375,349.0,941.6876220703125
2025-05-10,0.0,48.03459811587578,104956.42000000001,222032.609375,506.0,768.9449335336685
2025-05-11,65.71828688364326,0.0,86741.16,116477.515625,424.0,904.4239916503429
2025-05-12,91.28396595532567,13.515464216470718,75410.62,68837.8046875,386.0,719.830308124423
2025-05-13,76.29653120094855,0.0,70136.81,53511.953125,358.0,786.6100805699825
2025-05-14,76.98946524924364,0.0,64218.89,78996.0,335.0,778.0975594073534
2025-05-15,75.81195685923655,0.0,70628.56,87712.2265625,327.0,706.6989873051643
2025-05-16,92.55258759688014,16.150662688108582,73934.14,79440.3203125,325.0,597.5103462636471
2025-05-17,86.70404991018943,71.58554483534044,94883.03,82267.4296875,419.0,538.0565671399236
2025-05-18,52.8419098109003,72.22925589577248,101310.58,53534.4453125,438.0,559.6358591765165
2025-05-19,82.67394919147205,15.58679950080419,61549.51,72213.609375,304.0,560.6161295175552
2025-05-20,86.68929986607151,79.84535689088139,51124.28999999999,44319.2890625,259.0,311.2005256526172
2025-05-21,78.53499862220423,19.939296392936996,59878.25,72731.1171875,271.0,487.96450677514076
2025-05-22,0.0,0.0,64975.69,250279.40625,305.0,841.9935302734375
2025-05-23,0.0,0.0,74934.75,234155.609375,339.0,1169.181884765625
2025-05-24,0.0,0.0,88876.53,382129.3125,392.0,1033.8160400390625
2025-05-25,0.0,0.0,80298.33,469379.0625,378.0,886.479161567986
2025-05-26,0.0,0.0,58815.9,450847.0,262.0,835.3649181127548
2025-05-27,0.0,41.933983588104795,67450.49,334279.25,314.0,496.32729153335094
2025-05-28,0.0,37.360333910765355,73947.53,292835.125,313.0,509.0621548593044
2025-05-29,0.0,27.305086893368497,61875.020000000004,244396.125,261.0,450.7337232083082
2025-05-30,0.0,72.31895388104022,83571.49,267637.0,352.0,449.43728233873844
2025-05-31,0.0,89.00585696146399,99254.3,304473.0625,412.0,366.7041306812316
2025-06-01,66.55144784808607,99.02990955047142,99820.20999999999,133208.625,399.0,402.87066089361906
2025-06-02,0.0,66.45033480599523,59610.36,202646.578125,300.0,400.6489955820143
2025-06-03,0.0,52.86894539021887,57743.0,180780.15625,256.0,376.6554998010397
2025-06-04,0.0,90.42184955151654,68413.53,157492.828125,287.0,314.4892917871475
2025-06-05,83.88393155785877,47.42073790247369,70706.73,82101.875,314.0,479.09888298623264
2025-06-06,74.66302957869233,96.50178006876197,76253.54000000001,56933.203125,358.0,345.4763726461679
2025-06-07,38.79349157690015,58.77302809957244,119633.51000000001,46410.015625,503.0,295.6283313408494
2025-06-08,54.37772966404555,62.41799470214617,91500.5,49755.89453125,420.0,262.1555777490139
2025-06-09,49.79649408249986,73.55921300940024,63452.47,31597.10546875,312.0,229.50474458932877
2025-06-10,35.53455616215021,80.30977359233242,87098.25,30949.9765625,379.0,304.3740419149399
2025-06-11,0.0,21.89922729349435,81343.6,187342.234375,319.0,568.141464933753
2025-06-12,0.0,50.83590961435688,78427.59,211516.8125,321.0,478.8167301379144
2025-06-13,0.0,62.27615921362036,102384.85999999999,211585.265625,435.0,599.0987074207515
2025-06-14,88.11288427989285,0.0,122036.7,136543.34375,488.0,1083.1183725595474
2025-06-15,20.630118839782995,0.0,100302.27,179912.0625,423.0,1145.8137298226357
2025-06-16,0.0,0.0,62430.509999999995,618829.0625,255.0,915.025146484375
2025-06-17,0.0,0.0,63144.28,268336.90625,278.0,788.3677482157946
2025-06-18,0.0,0.0,68161.48,484775.09375,351.0,975.5856964327395
2025-06-19,0.0,0.0,73255.95000000001,339354.125,299.0,738.3024520874023
2025-06-20,0.0,47.20095545652725,84261.95999999999,473541.59375,373.0,569.9404361471534
2025-06-21,0.0,28.20130175302836,116320.20999999999,352337.6875,484.0,831.5056995153427
2025-06-22,96.75221615398061,89.84263582624801,106135.45000000001,109582.5,462.0,508.9270224827342
2025-06-23,56.56785220130917,95.67549096968244,74774.14,42298.125,340.0,354.7033307030797
2025-06-24,89.41914052877672,86.20005526022221,75223.81,67264.484375,339.0,292.2181873321533
2025-06-25,78.36683566724578,90.85418469980806,90292.59,109825.734375,334.0,364.5470231026411
2025-06-26,65.6656531799909,60.66086732822916,88243.02,57945.35546875,368.0,512.7680082321167
2025-06-27,79.70374164119377,80.00458053940413,103479.19000000002,124481.59375,392.0,470.3820442855358
2025-06-28,52.80742995506987,52.44948186715785,120578.32,177482.328125,466.0,687.5854144990444
2025-06-29,18.111842006725126,90.34081651333446,115504.41,210088.84375,449.0,405.6302661448717
2025-06-30,13.391571247837547,91.59516916802181,89966.52,167885.109375,398.0,431.4512267112732
2025-07-01,0.0,36.32362189279361,90126.56000000001,295975.6875,440.0,720.1760636717081
2025-07-02,0.0,53.81436560780574,85687.06000000001,236566.08339452744,390.0,570.1239741295576
2025-07-03,0.0,86.48667064548908,95173.03,209894.71875,435.0,493.78298269212246
2025-07-04,0.0,64.42827741499909,85262.16,234607.296875,411.0,557.1997798243538
2025-07-05,3.386997824001199,84.4948801560645,121309.81,238510.859375,569.0,657.224131911993
2025-07-06,36.35212375093819,70.60839185284243,114209.72,186901.78125,540.0,698.7146839946508
2025-07-07,68.94721368325317,90.13401285985883,86411.03,113244.0625,445.0,488.90364277362823
2025-07-08,87.51519367609423,37.06754391222334,86617.04,75803.0703125,417.0,679.4283418860286
2025-07-09,97.58355084269833,34.15178112571931,84597.89,82553.625,393.0,651.7835001759231
2025-07-10,69.25682857801985,24.957708538679455,90725.88,62833.8671875,379.0,663.4102846384048
2025-07-11,61.777996450868535,48.67078343707237,107885.55,66649.53125,489.0,739.9998689927161
2025-07-12,71.63321441036277,49.77350086239357,143231.37,102601.234375,561.0,842.770660161972
2025-07-13,81.83170022922386,89.0065311060269,138445.45,113292.265625,669.0,595.4536930993199
2025-07-14,44.133889247421386,63.61012812372079,96272.06999999999,150055.53125,393.0,536.0121964737773
2025-07-15,0.0,43.129448868051355,97732.19,214378.78125,395.0,619.6386769711971
2025-07-16,28.95452940307287,0.0,93732.54999999999,160325.28125,411.0,926.3066761493683
2025-07-17,92.12805654381019,25.721454920820705,93321.09,100667.2734375,367.0,639.602260440588
2025-07-18,90.34957537360894,32.78368041262648,97956.7,107409.9375,434.0,725.718827009201
2025-07-19,99.35211163944703,50.19438221858083,139913.09,139006.609375,619.0,927.2967740669847
2025-07-20,7.116075967299551,0.0,129953.01999999999,250658.484375,587.0,1279.180950641632
